,average,max drawdown,negative day,negative periods,negative week,portfolio value,positive periods,postive day,postive week,sharpe ratio
13,1.0002930713168896,0.3784501801166438,1013,1187,1057,1.5037827696884107,1205,1379,1335,0.01877639200694447
